{"n_2":[-0.02701810733856318,-0.02489688124826661,0.9829508773950884,0.4628929116682847,0.1294243167102065,0.9044239951452202,0.652153676198669,0.6094059797523981,0.21422831422252187,-0.5085816922603492,-0.45636495330273985,-0.2796126259001832,-0.1256386119614299,-0.8040314102988362,-0.46285882684879565,0.7560014571055294,-0.04275414309195291,0.5587580200691675,0.34862269989879624,-0.5927968580653178,-0.2925600809930773,0.8308210545342076,-0.3427656584539822,-0.5751246208034035,0.7921326995007163,-0.6063481384816538,0.570051640200107,0.9649209841333648,0.8466384251156516,0.7754501629507358,0.791508984467616],"n_1":[-0.7930468074201682,-0.9255572217682484,-0.31620263607571086,-0.5729525592119975,-0.8661249004390559,0.18115648334081258,0.9881923804166313,-0.5536791410492241,0.07845004384365373,-0.002463882489329716,-0.4872458655352392,-0.3658447057339611,-0.8874498245417426,0.6367096455993206,-0.2889427943016327,-0.44207794457775895,-0.9879860941439569,-0.3155450684476895,0.8947839657191012,-0.5181954040885017,0.7406854771324318,0.03974607782050099,-0.8350418682462826,0.9796199358904865,-0.5055532468811526,-0.8664554960635236,0.3645046312883147,-0.6183965044090591,0.2576936726974466,0.8147133199438839,0.9157217281129684],"n_0":[0.7539108186617123,-0.3665446806042525,-0.6689474323957618,-0.03522758093581113,0.25758559992432173,0.41034355646084353,0.5908712408321015,-0.986218034972707,-0.8932876708052622,-0.3049020661641604,0.6455149428606493,0.9047248950493392,-0.8806117915249843,0.41586270595917885,0.5715991499906072,0.5802935400434175,-0.17158366748479192,-0.2822062926519875,-0.578646190359916,0.1795685397696054,0.4186799791120259,-0.25908020674190557,-0.9014478420784016,0.2630041856707064,0.18828881531108954,0.24970153547381324,0.00736768220791717,0.8911679651988176,-0.7357487917264249,-0.025251416501834933,0.6038588739678115]}