{"n_2":[-0.35030351911371094,1.154441649779087,0.5136312433049999,0.06411645411910942,-0.6594689187893594,-0.7735185274500962,-0.9845329133177292,0.3100288373746585,0.24065805190117517,0.6494679313935212,-0.24118737403742418,0.6165866525150709,-0.6106108328907647,-0.5173159373036771,-0.1082397346816375,0.20993225062822668,0.010178344312916563,0.2901968755024462,-0.8941949644191982,0.49661437768259686,-0.8290298628044248,-0.6362193201638968,0.18159193818343478,0.976214216760624,-0.852098916171304,1.0625122656237516,0.8850887219265002,-0.48372069819137575,-0.6006702758256723,-0.6223268540363618,-0.6928650250407458],"n_1":[-0.20609347132405564,0.4907889241206307,-0.6395581715807468,0.1447256844632892,0.11158236715292245,0.818248160622302,-0.42809437021268937,-0.7044157120763592,0.47650392830592003,0.5467980361418121,-0.0825533852470326,-0.738813426331399,-0.44293698707581863,0.36541607281587174,0.6582099338831413,0.5935927519751482,-0.4709649939197189,-0.8451215227116107,-0.9885675043889475,0.5309597966096351,0.21662202270323827,-0.7580066756212549,-0.062493179331848614,-0.5218436334317715,0.6863977853826473,0.0584582531098483,0.07027107667892829,0.40409324710880345,0.5071655776127713,-0.8633314622973178,-0.5789261930486533],"n_0":[-0.6774429268207869,0.23719594507682476,1.3305784564246526,-0.23296455694959176,0.08532525441576405,-0.9904276022075877,-0.9692208818678834,0.08928098406090634,0.5464010252418734,0.2794960944839946,0.6138424605344326,0.4176059260240512,0.48380760768789544,0.11098857937677693,0.5838127410275706,-0.03856718944581751,-0.22595092219703244,-0.7676074546647271,0.8420513986063318,0.32132708324482073,0.7387356528431241,0.6680298280845987,0.41117195917521054,0.8299485390439747,0.6550324902645621,0.8190034068159056,0.24707651477313686,-0.3954793435188111,-0.038366681824700155,-0.44193273881667605,0.44239751843243313]}