{"n_24":[-0.3866453417217134,-0.6262932158504668,-0.8329312503751536,-0.608474111939153,-0.8653836445345182,-0.7160211161725981,-0.5300119632208093,0.7094561299741169,0.5282275620334673,-0.24268515733624074,0.7408350472877807,0.6594911897862972,0.06152492251879882,0.5837724970804381,-0.8549264989008996,-0.6396364919891624,-0.2779449864307837,0.6168521299980783,-0.7748979599690247,-0.42562484827258285,-0.19885076040455285,-0.22396766056569217,0.6933736486767601,0.3449750049572642,-0.5480605588895207,0.5929289415257062,0.38113787887460693,-0.6297153238179769,0.1102925542953301,0.27762259107734044,-0.4236755292883383],"n_23":[-0.36013417318142216,0.10549312123933818,-0.8320366136917039,-0.8816578262076726,-0.9567490057987211,-0.5334282411068374,-0.42617951661487896,-0.14419900408337272,-0.5304145431855019,-0.3718455043448259,0.885865359995105,0.29469119900322127,-0.7039847359190707,-0.038187732325947854,0.004847143832468426,0.11373703752942443,0.3711062739815161,-0.44410219752081903,0.4667607646318215,0.1515979834734167,-0.030345175467663354,-0.8390457274849639,0.5517512055821236,0.4927105165965633,-0.7634293406115829,0.5129149961580937,-0.13339638151768016,-0.9220949908245362,0.11575290499811582,0.3419876532267301,0.9958404126837506],"n_22":[-0.4400297310535012,0.8171968149077249,-0.6072942680414495,0.27090003337194335,-0.6971763135963003,-0.2928793592210538,-0.7148448323150933,0.742177331194444,0.20008223204339282,-0.542673627336812,0.7808856985391834,-0.17080902187248492,-0.9833370766368692,0.3423076173170192,0.18344700772857292,-0.29353756501310835,0.2888428458171426,-0.47721894551181765,0.7316587244268751,0.3018757234160318,0.9821134969548946,-0.9976749651757322,0.13593500764405925,0.15719065835609305,0.47399402894348275,-0.19976011386775405,0.02623981514602074,0.5033731475771575,-0.7159278522445272,0.4050271470062998,-0.6503956916966145],"n_21":[-0.26094966847974754,-0.7982278266581782,-0.40679663557098544,0.6802550819525135,-0.8508699598704019,-0.13475314079592976,-0.5024530916556332,0.015593664352427705,0.35589086515105617,-0.5933294957772293,0.18374063060459123,0.297509136598723,-0.004490941970624496,-0.2897856950635165,-0.9712624385410742,-0.20130321662327053,0.4894133615567293,-0.9514113450198094,-0.9743847397739753,-0.23827216666378992,-0.23493635469205754,-0.5674930893311183,0.09962562401324779,0.06663271040844033,-0.05941230060458147,-0.016365020390976648,0.19388569891413385,-0.42774518984765475,0.06704930591732429,-0.44666603749906697,0.29320852475229486],"n_26":[0.29637830761091655,-0.12746541879560902,-0.9105775322369547,-0.05855486700489099,-0.974611978993263,0.1677920188541028,-0.35298953982934966,-0.5790781504479949,-0.5949468309342503,-0.6702884143117704,-0.4900374119810669,0.6176288466912994,-0.8591531062282067,0.8929917690146705,-0.5123677597057248,-0.19614672265162386,-0.2133585779920535,-0.20733017610962312,-0.13244045367225343,-0.6567093939248794,-0.477255158954204,0.506906303645793,-0.3086772774865716,-0.20925000518281292,0.5649100572163117,-0.23887409836702211,-0.6351305470381912,0.5995837156019685,-0.3003688139706354,-0.9321666292905548,0.143056291053008],"n_25":[-0.6617808030374972,0.9678470751247936,-0.5844716765391655,0.35603995337161587,-0.6360705162278633,-0.4104638982492467,-0.13849103849963723,0.27360028420879234,-0.992132438910815,-0.8663142344818411,-0.3232381538848268,0.9969783556977141,-0.687142371544843,-0.8790201689385742,-0.10466270766599917,0.37499611805097244,-0.31886816711477284,0.4092863350010605,-0.18902588440610524,-0.270454733645884,0.8173677233830425,0.5645424134138153,-0.41873292326108236,0.17657309705806867,0.4713444885417539,-0.046400241272176235,0.11500821065733997,-0.23447615760075435,-0.09608958362418905,0.06313352606790507,-0.9601277502865833],"n_20":[-0.5621483098530098,-0.3308124161408572,-0.5226622305738837,0.840032701725649,-0.7210874126432057,-0.29244960525262953,-0.11608398327983815,-0.5154576030111111,-0.5640653483275646,0.9364678980702021,-0.20140994643730492,0.3240518536048791,0.5416550596952934,-0.5126133526379095,-0.4245094157204323,0.15165300889230673,-0.6726960061583442,0.23501955251235976,0.5116735600072622,0.34284618541669154,0.8878639032612969,-0.012161540388840875,0.2646296229717937,0.15336010076590104,0.38766963076673244,0.3080320356316206,-0.8848931210323021,0.5166145609827637,-0.7269675847796677,-0.671197500160708,0.4382177496744739],"n_0":[-0.29168734423960485,0.8160216906335664,-0.08694718284571379,0.3920971232758239,-0.06689615267722195,-0.1913072455993978,-0.11883459082225396,0.1679484931097981,-0.24419774018546447,-0.9173264305439388,0.6188950567569205,0.29397530741018296,0.6474480865987491,-0.7616840943102201,0.05741584093630338,0.07218630081920228,0.14514251226179903,0.18252399342047554,0.043656789020340536,0.29359906192875895,0.25463075694211446,0.7876803402304444,0.27175298519484903,0.04994817500469387,-0.3117224046585889,0.07166973077280768,0.02255626382434287,0.0646774612865002,-0.5063667243074252,0.06101637903868662,0.5989423156458418],"n_2":[-0.35707220894992076,0.781042842577153,-0.2649144890860129,-0.2963255218986742,-0.295251298448583,-0.4982316226383956,-0.09650382568243585,-0.6093066859963641,0.6113844550249885,0.5295925384857811,0.24911911433143152,-0.7176286455708378,-0.4666343590928155,-0.26738580282911517,0.2809198516122715,0.2772607821019006,0.09378459272522979,-0.9573682774114463,-0.127212341047374,0.33023670189396315,-0.6108196132369634,-0.5111977099583227,-0.08012010129467129,0.2844511329247069,0.14211403398759187,-0.11447691208493005,-0.002102627104247419,-0.9840126178179334,0.05996756123053171,0.0868231924787061,0.9917396902332181],"n_13":[-0.37358569808932823,0.7849539240700725,-0.7101568362075812,-0.17267550081521055,-0.6743871998150874,-0.3780299782934159,-0.4327439634483906,0.2858428251772225,-0.977149895614587,0.5010576108082005,-0.9371710704331353,0.7520515259674414,0.3380833991950598,-0.03129227706362547,-0.8608255505131757,0.282199864905059,0.3426202293925671,-0.6395185830311036,0.8399696941988517,0.1975120049604698,-0.43768102557960864,0.4051772110433105,-0.4291086123456678,-0.3486215079603623,0.6183635915990597,-0.2948546246159893,0.09211137162084368,0.6843074915218419,0.22704172011837903,-0.6810376360955834,0.5210066134767766],"n_1":[-0.1981690806881223,0.4234908059833151,-0.2520238299167309,-0.4883952889929404,-0.23846281054089505,-0.22346216834522908,-0.2162455871542684,-0.12052191427009462,0.7633587910537256,-0.10158844409801016,-0.636152290483146,-0.0391124490909851,-0.8861431743186856,-0.1838345172144877,0.2378367875376737,0.2059727214687835,0.21229876455313118,0.2248626850376882,-0.005215545723939341,-0.22211029744631744,-0.21148398014903758,0.7532111434823636,0.21672241057421876,0.2297460732814655,0.16949602128047753,0.22586132467200543,0.15653731208462687,-0.8538225695580415,0.216370718007663,0.11318844820605474,-0.8171043197577825],"n_12":[-0.5519870019386692,0.1619048209174554,-0.40025798525593137,-0.5241803176798752,-0.4028950537020215,-0.9056949980269988,-0.9189552573031092,-0.3601070344940396,0.32683721932803933,-0.6506132251910457,0.5563926644995687,-0.6557217150774455,0.12707266177973664,0.3218998705710501,-0.2160699573485192,0.29666470705305703,-0.8538794069667524,0.7360493120043856,-0.7321778867722228,0.44721111327238616,-0.6699643681205134,0.05114644099784882,0.8140837217021419,0.34715260919864765,-0.6763314692495339,-0.16260499458350197,0.41446061341807217,0.3671715568959537,-0.6959421766229346,0.39984066223589476,0.3477405180071542],